Top queries,Clicks,Impressions,CTR,Position
rollback tow truck financing,0,7,0%,77.43
starting a hauling business,0,6,0%,73.33
how to start a roll off dumpster business,0,5,0%,78
starting a roll off dumpster business,0,3,0%,79.33
starting a trucking company,0,3,0%,79.33
crane truck cost,0,2,0%,48
starting a dumpster business,0,2,0%,70.5
how to start a roll off business,0,2,0%,91.5
vocational truck,0,2,0%,95.5
vac truck prices,0,1,0%,53
start a dumpster business,0,1,0%,61
how to become a hotshot driver in texas,0,1,0%,67
telecom truck,0,1,0%,68
mobile mechanic startup,0,1,0%,69
starting a truck company,0,1,0%,70
starting your own mobile mechanic business,0,1,0%,75
how to start a roll off dumpster rental business,0,1,0%,77
vocational trucks,0,1,0%,78
how to start a dumpster business,0,1,0%,89
how to start a dumpster roll-off business,0,1,0%,90
what does it take to start a trucking company,0,1,0%,92
"отр-2000 after:2026-03-16 before:2026-03-17 
-site:youtube.com,facebook.com,instagram.com,x.com,www.youtube.com",0,1,0%,98