Top pages,Clicks,Impressions,CTR,Position
https://commercialvehicleguide.com/business-guides/how-to-start-a-septic-pumping-business.html,0,18,0%,30.78
https://commercialvehicleguide.com/business-guides/how-to-start-a-mobile-auto-repair-business.html,0,17,0%,35.12
https://commercialvehicleguide.com/business-guides/how-to-start-an-oilfield-trucking-business.html,0,13,0%,5.92
https://commercialvehicleguide.com/comparisons/tow-truck-vs-rollback-truck.html,0,12,0%,13.67
https://commercialvehicleguide.com/industries/oilfield-truck-financing.html,0,11,0%,7.55
https://commercialvehicleguide.com/business-guides/how-to-start-a-hydro-excavation-business.html,0,10,0%,19.7
https://commercialvehicleguide.com/business-guides/how-to-start-a-trucking-company.html,0,10,0%,36.9
https://commercialvehicleguide.com/business-guides/how-to-start-a-mobile-service-truck-business.html,0,8,0%,7.62
https://commercialvehicleguide.com/business-guides/how-to-start-a-vac-truck-business.html,0,8,0%,7.88
https://commercialvehicleguide.com/guides/new-vs-used-truck-financing.html,0,8,0%,20.88
https://commercialvehicleguide.com/business-guides/how-to-start-a-flatbed-trucking-business.html,0,7,0%,20.43
https://commercialvehicleguide.com/glossary/what-is-a-vocational-truck.html,0,6,0%,19.67
https://commercialvehicleguide.com/vehicles/semi-truck-financing.html,0,5,0%,34.6
https://commercialvehicleguide.com/index.html,0,4,0%,6.75
https://commercialvehicleguide.com/glossary/what-is-lease-purchase.html,0,4,0%,54.25
https://commercialvehicleguide.com/questions/does-truck-financing-affect-credit.html,0,3,0%,10
https://commercialvehicleguide.com/business-guides/how-to-start-a-refrigerated-trucking-business.html,0,3,0%,27.33
https://commercialvehicleguide.com/business-guides/how-to-start-a-heavy-haul-trucking-business.html,0,3,0%,32.67
https://commercialvehicleguide.com/guides/dot-inspection-checklist.html,0,3,0%,56
https://commercialvehicleguide.com/,0,2,0%,6.5
https://commercialvehicleguide.com/industries/trucking-company-financing.html,0,1,0%,4
https://commercialvehicleguide.com/vehicle-index/utility-vehicles.html,0,1,0%,4